Title,Genre,Runtime,Year,Director,IMDB Rating,IMDB Votes,Rotten Tomatoes,Actors,IMDB ID,Type,Rated,Released,Writer,Country,Awards,Plot,Watched,I Want to Watch
Spider-Man: Across the Spider-Verse,"Animation, Action, Adventure",140 min,2023,"Joaquim Dos Santos, Kemp Powers, Justin K. Thompson",8.9,"205,631",95%,"Shameik Moore, Hailee Steinfeld, Brian Tyree Henry",tt9362722,movie,PG,2-Jun-23,"Phil Lord, Christopher Miller, Dave Callaham",United States,3 wins & 1 nomination,"Miles Morales catapults across the Multiverse, where he encounters a team of Spider-People charged with protecting its very existence. When the heroes clash on how to handle a new threat, Miles must redefine what it means to be a ...",no,yes,
The Good Guys,"Action, Comedy",60 min,2010,N/A,8.1,"7,494",N/A,"Bradley Whitford, Colin Hanks, Jenny Wade",tt1567254,series,TV-14,19-May-10,Matt Nix,United States,2 nominations,"Jack is a by-the-book detective whose habit of undermining himself has resulted in a dead-end position with the Police Dept. His partner Dan, a drunken, lecherous veteran hangs onto his job only because of one heroic act years ago.",no,yes,
Se7en,"Crime, Drama, Mystery",127 min,1995,David Fincher,8.6,"1,717,328",83%,"Morgan Freeman, Brad Pitt, Kevin Spacey",tt0114369,movie,R,22-Sep-95,Andrew Kevin Walker,United States,Nominated for 1 Oscar. 29 wins & 43 nominations total,"Two detectives, a rookie and a veteran, hunt a serial killer who uses the seven deadly sins as his motives.",no,yes,
Seven Samurai,"Action, Drama",207 min,1954,Akira Kurosawa,8.6,"355,893",100%,"Toshirô Mifune, Takashi Shimura, Keiko Tsushima",tt0047478,movie,Not Rated,19-Nov-56,"Akira Kurosawa, Shinobu Hashimoto, Hideo Oguni",Japan,Nominated for 2 Oscars. 5 wins & 9 nominations total,"Farmers from a village exploited by bandits hire a veteran samurai for protection, who gathers six other samurai to join him.",no,yes,
Life Is Beautiful,"Comedy, Drama, Romance",116 min,1997,Roberto Benigni,8.6,"716,570",80%,"Roberto Benigni, Nicoletta Braschi, Giorgio Cantarini",tt0118799,movie,PG-13,20-Dec-97,"Vincenzo Cerami, Roberto Benigni",Italy,Won 3 Oscars. 72 wins & 52 nominations total,"When an open-minded Jewish waiter and his son become victims of the Holocaust, he uses a perfect mixture of will, humor and imagination to protect his son from the dangers around their camp.",no,yes,
Oppenheimer,"Biography, Drama, History",180 min,2023,Christopher Nolan,8.7,"252,355",94%,"Cillian Murphy, Emily Blunt, Matt Damon",tt15398776,movie,R,21-Jul-23,"Christopher Nolan, Kai Bird, Martin Sherwin","United States, United Kingdom",1 win & 1 nomination,"The story of American scientist, J. Robert Oppenheimer, and his role in the development of the atomic bomb.",no,yes,
Psycho,"Horror, Mystery, Thriller",109 min,1960,Alfred Hitchcock,8.5,"694,341",96%,"Anthony Perkins, Janet Leigh, Vera Miles",tt0054215,movie,R,8-Sep-60,"Joseph Stefano, Robert Bloch",United States,Nominated for 4 Oscars. 7 wins & 14 nominations total,"A Phoenix secretary embezzles $40,000 from her employer's client, goes on the run and checks into a remote motel run by a young man under the domination of his mother.",no,yes,
American History X,"Crime, Drama",119 min,1998,Tony Kaye,8.5,"1,151,360",84%,"Edward Norton, Edward Furlong, Beverly D'Angelo",tt0120586,movie,R,20-Nov-98,David McKenna,United States,Nominated for 1 Oscar. 4 wins & 15 nominations total,"Living a life marked by violence, neo-Nazi Derek finally goes to prison after killing two black youths. Upon his release, Derek vows to change; he hopes to prevent his brother, Danny, who idolizes Derek, from following in his foot...",no,yes,
Casablanca,"Drama, Romance, War",102 min,1942,Michael Curtiz,8.5,"587,983",99%,"Humphrey Bogart, Ingrid Bergman, Paul Henreid",tt0034583,movie,PG,23-Jan-43,"Julius J. Epstein, Philip G. Epstein, Howard Koch",United States,Won 3 Oscars. 13 wins & 9 nominations total,A cynical expatriate American cafe owner struggles to decide whether or not to help his former lover and her fugitive husband escape the Nazis in French Morocco.,no,yes,
Harakiri,"Action, Drama, Mystery",133 min,1962,Masaki Kobayashi,8.6,"62,767",100%,"Tatsuya Nakadai, Akira Ishihama, Shima Iwashita",tt0056058,movie,Not Rated,4-Aug-64,"Yasuhiko Takiguchi, Shinobu Hashimoto",Japan,9 wins & 3 nominations,"When a ronin requesting seppuku at a feudal lord's palace is told of the brutal suicide of another ronin who previously visited, he reveals how their pasts are intertwined - and in doing so challenges the clan's integrity.",no,yes,
Rear Window,"Mystery, Thriller",112 min,1954,Alfred Hitchcock,8.5,"505,346",98%,"James Stewart, Grace Kelly, Wendell Corey",tt0047396,movie,PG,1-Sep-54,"John Michael Hayes, Cornell Woolrich",United States,Nominated for 4 Oscars. 6 wins & 13 nominations total,"A photographer in a wheelchair spies on his neighbors from his Greenwich Village courtyard apartment window, and becomes convinced one of them has committed murder, despite the skepticism of his fashion-model girlfriend.",no,yes,
The Lives of Others,"Drama, Mystery, Thriller",137 min,2006,Florian Henckel von Donnersmarck,8.4,"398,453",92%,"Ulrich Mühe, Martina Gedeck, Sebastian Koch",tt0405094,movie,R,30-Mar-07,Florian Henckel von Donnersmarck,"Germany, France",Won 1 Oscar. 80 wins & 38 nominations total,"In 1984 East Berlin, an agent of the secret police, conducting surveillance on a writer and his lover, finds himself becoming increasingly absorbed by their lives.",no,yes,
Sunset Blvd.,"Drama, Film-Noir",110 min,1950,Billy Wilder,8.4,"228,451",98%,"William Holden, Gloria Swanson, Erich von Stroheim",tt0043014,movie,Passed,4-Aug-50,"Charles Brackett, Billy Wilder, D.M. Marshman Jr.",United States,Won 3 Oscars. 19 wins & 20 nominations total,A screenwriter develops a dangerous relationship with a faded film star determined to make a triumphant return.,no,yes,
Paths of Glory,"Drama, War",88 min,1957,Stanley Kubrick,8.4,"204,110",96%,"Kirk Douglas, Ralph Meeker, Adolphe Menjou",tt0050825,movie,Approved,25-Dec-57,"Stanley Kubrick, Calder Willingham, Jim Thompson",United States,Nominated for 1 BAFTA Award5 wins & 3 nominations total,"After refusing to attack an enemy position, a general accuses the soldiers of cowardice and their commanding officer must defend them.",no,yes,
Witness for the Prosecution,"Crime, Drama, Mystery",116 min,1957,Billy Wilder,8.4,"131,681",100%,"Tyrone Power, Marlene Dietrich, Charles Laughton",tt0051201,movie,Approved,6-Feb-58,"Agatha Christie, Billy Wilder, Harry Kurnitz",United States,Nominated for 6 Oscars. 3 wins & 15 nominations total,A veteran British barrister must defend his client in a murder trial that has surprise after surprise.,no,yes,
American Beauty,Drama,122 min,1999,Sam Mendes,8.3,"1,181,075",87%,"Kevin Spacey, Annette Bening, Thora Birch",tt0169547,movie,R,1-Oct-99,Alan Ball,United States,Won 5 Oscars. 112 wins & 102 nominations total,A sexually frustrated suburban father has a mid-life crisis after becoming infatuated with his daughter's best friend.,no,yes,
Dr. Strangelove or: How I Learned to Stop Worrying and Love the Bomb,"Comedy, War",95 min,1964,Stanley Kubrick,8.4,"504,005",98%,"Peter Sellers, George C. Scott, Sterling Hayden",tt0057012,movie,PG,29-Jan-64,"Stanley Kubrick, Terry Southern, Peter George","United Kingdom, United States",Nominated for 4 Oscars. 14 wins & 11 nominations total,"An insane American general orders a bombing attack on the Soviet Union, triggering a path to nuclear holocaust that a war room full of politicians and generals frantically tries to stop.",no,yes,
Amadeus,"Biography, Drama, Music",160 min,1984,Milos Forman,8.4,"414,434",89%,"F. Murray Abraham, Tom Hulce, Elizabeth Berridge",tt0086879,movie,PG,19-Sep-84,"Peter Shaffer, Zdenek Mahler","United States, France",Won 8 Oscars. 43 wins & 14 nominations total,"The life, success and troubles of Wolfgang Amadeus Mozart, as told by Antonio Salieri, the contemporaneous composer who was deeply jealous of Mozart's talent and claimed to have murdered him.",no,yes,
Das Boot,"Drama, War",149 min,1981,Wolfgang Petersen,8.4,"257,395",98%,"Jürgen Prochnow, Herbert Grönemeyer, Klaus Wennemann",tt0082096,movie,R,10-Feb-82,"Wolfgang Petersen, Lothar G. Buchheim","West Germany, Italy, France, United Kingdom",Nominated for 6 Oscars. 13 wins & 11 nominations total,A German U-boat stalks the frigid waters of the North Atlantic as its young crew experience the sheer terror and claustrophobic life of a submariner in World War II.,no,yes,
Good Will Hunting,"Drama, Romance",126 min,1997,Gus Van Sant,8.3,"1,015,007",97%,"Robin Williams, Matt Damon, Ben Affleck",tt0119217,movie,R,9-Jan-98,"Matt Damon, Ben Affleck",United States,Won 2 Oscars. 24 wins & 61 nominations total,"Will Hunting, a janitor at M.I.T., has a gift for mathematics, but needs help from a psychologist to find direction in his life.",no,yes,
Once Upon a Time in America,"Crime, Drama",229 min,1984,Sergio Leone,8.3,"364,276",87%,"Robert De Niro, James Woods, Elizabeth McGovern",tt0087843,movie,R,1-Jun-84,"Harry Grey, Leonardo Benvenuti, Piero De Bernardi","Italy, United States",Won 2 BAFTA 11 wins & 11 nominations total,"A former Prohibition-era Jewish gangster returns to the Lower East Side of Manhattan 35 years later, where he must once again confront the ghosts and regrets of his old life.",no,yes,
3 Idiots,"Comedy, Drama",170 min,2009,Rajkumar Hirani,8.4,"415,310",100%,"Aamir Khan, Madhavan, Mona Singh",tt1187043,movie,PG-13,25-Dec-09,"Abhijat Joshi, Rajkumar Hirani, Vidhu Vinod Chopra",India,66 wins & 30 nominations,"Two friends are searching for their long lost companion. They revisit their college days and recall the memories of their friend who inspired them to think differently, even as the rest of the world called them ""idiots"".",no,yes,
High and Low,"Crime, Drama, Mystery",143 min,1963,Akira Kurosawa,8.4,"48,880",96%,"Toshirô Mifune, Yutaka Sada, Tatsuya Nakadai",tt0057565,movie,Not Rated,26-Nov-63,"Hideo Oguni, Ryûzô Kikushima, Eijirô Hisaita",Japan,3 wins & 3 nominations,An executive of a Yokohama shoe company becomes a victim of extortion when his chauffeur's son is kidnapped by mistake and held for ransom.,no,yes,
Singin' in the Rain,"Comedy, Musical, Romance",103 min,1952,"Stanley Donen, Gene Kelly",8.3,"251,302",100%,"Gene Kelly, Donald O'Connor, Debbie Reynolds",tt0045152,movie,G,10-Apr-52,"Betty Comden, Adolph Green",United States,Nominated for 2 Oscars. 8 wins & 9 nominations total,A silent film star falls for a chorus girl just as he and his delusionally jealous screen partner are trying to make the difficult transition to talking pictures in 1920s Hollywood.,no,yes,
Requiem for a Dream,Drama,102 min,2000,Darren Aronofsky,8.3,"869,249",78%,"Ellen Burstyn, Jared Leto, Jennifer Connelly",tt0180093,movie,Unrated,15-Dec-00,"Hubert Selby Jr., Darren Aronofsky",United States,Nominated for 1 Oscar. 37 wins & 69 nominations total,The drug-induced utopias of four Coney Island people are shattered when their addictions run deep.,no,yes,
Capernaum,Drama,126 min,2018,Nadine Labaki,8.4,"97,618",90%,"Zain Al Rafeea, Yordanos Shiferaw, Boluwatife Treasure Bankole",tt8267604,movie,R,20-Sep-18,"Nadine Labaki, Jihad Hojeily, Michelle Keserwany","Lebanon, France, Cyprus, Qatar, United Kingdom",Nominated for 1 Oscar. 39 wins & 55 nominations total,"While serving a five-year sentence for a violent crime, a 12-year-old boy sues his parents for neglect.",no,yes,
Come and See,"Drama, Thriller, War",142 min,1985,Elem Klimov,8.4,"88,205",90%,"Aleksey Kravchenko, Olga Mironova, Liubomiras Laucevicius",tt0091251,movie,Not Rated,3-Sep-85,"Ales Adamovich, Elem Klimov",Soviet Union,3 wins,"After finding an old rifle, a young boy joins the Soviet resistance movement against ruthless German forces and experiences the horrors of World War II.",no,yes,
Star Wars: Episode VI - Return of the Jedi,"Action, Adventure, Fantasy",131 min,1983,Richard Marquand,8.3,"1,087,569",83%,"Mark Hamill, Harrison Ford, Carrie Fisher",tt0086190,movie,PG,25-May-83,"Lawrence Kasdan, George Lucas",United States,Nominated for 4 Oscars. 23 wins & 20 nominations total,"After rescuing Han Solo from Jabba the Hutt, the Rebels attempt to destroy the second Death Star, while Luke struggles to help Darth Vader back from the dark side.",no,yes,
Eternal Sunshine of the Spotless Mind,"Drama, Romance, Sci-Fi",108 min,2004,Michel Gondry,8.3,"1,038,835",92%,"Jim Carrey, Kate Winslet, Tom Wilkinson",tt0338013,movie,R,19-Mar-04,"Charlie Kaufman, Michel Gondry, Pierre Bismuth",United States,Won 1 Oscar. 73 wins & 111 nominations total,"When their relationship turns sour, a couple undergoes a medical procedure to have each other erased from their memories for ever.",no,yes,
The Hunt,Drama,115 min,2012,Thomas Vinterberg,8.3,"347,265",92%,"Mads Mikkelsen, Thomas Bo Larsen, Annika Wedderkopp",tt2106476,movie,R,10-Jan-13,"Thomas Vinterberg, Tobias Lindholm","Denmark, Sweden",Nominated for 1 Oscar. 38 wins & 73 nominations total,"A teacher lives a lonely life, all the while struggling over his son's custody. His life slowly gets better as he finds love and receives good news from his son, but his new luck is about to be brutally shattered by an innocent li...",no,yes,
Reservoir Dogs,"Crime, Thriller",99 min,1992,Quentin Tarantino,8.3,"1,052,637",90%,"Harvey Keitel, Tim Roth, Michael Madsen",tt0105236,movie,R,2-Sep-92,"Quentin Tarantino, Roger Avary",United States,12 wins & 23 nominations,"When a simple jewelry heist goes horribly wrong, the surviving criminals begin to suspect that one of them is a police informant.",no,yes,
Ikiru,Drama,143 min,1952,Akira Kurosawa,8.3,"83,057",98%,"Takashi Shimura, Nobuo Kaneko, Shin'ichi Himori",tt0044741,movie,Not Rated,25-Mar-56,"Akira Kurosawa, Shinobu Hashimoto, Hideo Oguni",Japan,Nominated for 1 BAFTA Award6 wins & 2 nominations total,A bureaucrat tries to find meaning in his life after he discovers he has terminal cancer.,no,yes,
Lawrence of Arabia,"Adventure, Biography, Drama",218 min,1962,David Lean,8.3,"303,509",94%,"Peter O'Toole, Alec Guinness, Anthony Quinn",tt0056172,movie,Approved,11-Dec-62,"Robert Bolt, Michael Wilson",United Kingdom,Won 7 Oscars. 31 wins & 14 nominations total,"The story of T.E. Lawrence, the English officer who successfully united and led the diverse, often warring, Arab tribes during World War I in order to fight the Turks.",no,yes,
Citizen Kane,"Drama, Mystery",119 min,1941,Orson Welles,8.3,"454,103",99%,"Orson Welles, Joseph Cotten, Dorothy Comingore",tt0033467,movie,PG,5-Sep-41,"Herman J. Mankiewicz, Orson Welles, John Houseman",United States,Won 1 Oscar. 11 wins & 13 nominations total,"Following the death of publishing tycoon Charles Foster Kane, reporters scramble to uncover the meaning of his final utterance: 'Rosebud.'",no,yes,
M,"Crime, Mystery, Thriller",99 min,1931,Fritz Lang,8.3,"163,527",100%,"Peter Lorre, Ellen Widmann, Inge Landgut",tt0022100,movie,Passed,31-Aug-31,"Thea von Harbou, Fritz Lang, Egon Jacobsohn",Germany,2 wins,"When the police in a German city are unable to catch a child-murderer, other criminals join in the manhunt.",no,yes,
North by Northwest,"Action, Adventure, Mystery",136 min,1959,Alfred Hitchcock,8.3,"337,288",97%,"Cary Grant, Eva Marie Saint, James Mason",tt0053125,movie,Approved,18-Dec-59,Ernest Lehman,United States,Nominated for 3 Oscars. 9 wins & 7 nominations total,"A New York City advertising executive goes on the run after being mistaken for a government agent by a group of foreign spies, and falls for a woman whose loyalties he begins to doubt.",no,yes,
The Apartment,"Comedy, Drama, Romance",125 min,1960,Billy Wilder,8.3,"188,737",93%,"Jack Lemmon, Shirley MacLaine, Fred MacMurray",tt0053604,movie,Approved,29-Jun-60,"Billy Wilder, I.A.L. Diamond",United States,Won 5 Oscars. 24 wins & 8 nominations total,"A Manhattan insurance clerk tries to rise in his company by letting its executives use his apartment for trysts, but complications and a romance of his own ensue.",no,yes,
Vertigo,"Mystery, Romance, Thriller",128 min,1958,Alfred Hitchcock,8.3,"413,616",92%,"James Stewart, Kim Novak, Barbara Bel Geddes",tt0052357,movie,PG,9-May-63,"Alec Coppel, Samuel A. Taylor, Pierre Boileau",United States,Nominated for 2 Oscars. 9 wins & 7 nominations total,"A former San Francisco police detective juggles wrestling with his personal demons and becoming obsessed with the hauntingly beautiful woman he has been hired to trail, who may be deeply disturbed.",no,yes,
Amélie,"Comedy, Romance",122 min,2001,Jean-Pierre Jeunet,8.3,"774,784",89%,"Audrey Tautou, Mathieu Kassovitz, Rufus",tt0211915,movie,R,8-Feb-02,"Guillaume Laurant, Jean-Pierre Jeunet","France, Germany",Nominated for 5 Oscars. 59 wins & 74 nominations total,"Despite being caught in her imaginative world, Amelie, a young waitress, decides to help people find happiness. Her quest to spread joy leads her on a journey where she finds true love.",no,yes,
Scarface,"Crime, Drama",170 min,1983,Brian De Palma,8.3,"876,188",79%,"Al Pacino, Michelle Pfeiffer, Steven Bauer",tt0086250,movie,R,9-Dec-83,"Oliver Stone, Howard Hawks, Ben Hecht",United States,8 nominations,"In 1980 Miami, a determined Cuban immigrant takes over a drug cartel and succumbs to greed.",no,yes,
Full Metal Jacket,"Drama, War",116 min,1987,Stanley Kubrick,8.3,"765,873",91%,"Matthew Modine, R. Lee Ermey, Vincent D'Onofrio",tt0093058,movie,R,10-Jul-87,"Stanley Kubrick, Michael Herr, Gustav Hasford","United Kingdom, United States",Nominated for 1 Oscar. 8 wins & 14 nominations total,A pragmatic U.S. Marine observes the dehumanizing effects the Vietnam War has on his fellow recruits from their brutal boot camp training to the bloody street fighting in Hue.,no,yes,
Incendies,"Drama, Mystery, War",131 min,2010,Denis Villeneuve,8.3,"187,744",91%,"Lubna Azabal, Mélissa Désormeaux-Poulin, Maxim Gaudette",tt1255953,movie,R,12-Jan-11,"Denis Villeneuve, Wajdi Mouawad, Valérie Beaugrand-Champagne","Canada, France",Nominated for 1 Oscar. 41 wins & 19 nominations total,Twins journey to the Middle East to discover their family history and fulfill their mother's last wishes.,no,yes,
Hamilton,"Biography, Drama, History",160 min,2020,Thomas Kail,8.3,"104,364",98%,"Lin-Manuel Miranda, Phillipa Soo, Leslie Odom Jr.",tt8503618,movie,PG-13,3-Jul-20,"Lin-Manuel Miranda, Ron Chernow",United States,Won 2 Primetime Emmys. 19 wins & 46 nominations total,"The real life of one of America's foremost founding fathers and first Secretary of the Treasury, Alexander Hamilton. Captured live on Broadway from the Richard Rodgers Theater with the original Broadway cast.",no,yes,
Heat,"Action, Crime, Drama",170 min,1995,Michael Mann,8.3,"686,422",88%,"Al Pacino, Robert De Niro, Val Kilmer",tt0113277,movie,R,15-Dec-95,Michael Mann,United States,14 nominations,A group of high-end professional thieves start to feel the heat from the LAPD when they unknowingly leave a clue at their latest heist.,no,yes,
To Kill a Mockingbird,"Crime, Drama",129 min,1962,Robert Mulligan,8.3,"324,290",93%,"Gregory Peck, John Megna, Frank Overton",tt0056592,movie,Approved,16-Mar-63,"Harper Lee, Horton Foote",United States,Won 3 Oscars. 14 wins & 16 nominations total,"Atticus Finch, a widowed lawyer in Depression-era Alabama, defends a Black man against an undeserved rape charge, and tries to educate his young children against prejudice.",no,yes,
The Sting,"Comedy, Crime, Drama",129 min,1973,George Roy Hill,8.3,"271,257",93%,"Paul Newman, Robert Redford, Robert Shaw",tt0070735,movie,PG,25-Dec-73,David S. Ward,United States,Won 7 Oscars. 18 wins & 6 nominations total,Two grifters team up to pull off the ultimate con.,no,yes,
Metropolis,"Drama, Sci-Fi",153 min,1927,Fritz Lang,8.3,"179,571",97%,"Brigitte Helm, Alfred Abel, Gustav Fröhlich",tt0017136,movie,Not Rated,13-Mar-27,"Thea von Harbou, Fritz Lang",Germany,6 wins & 6 nominations,"In a futuristic city sharply divided between the working class and the city planners, the son of the city's mastermind falls in love with a working-class prophet who predicts the coming of a savior to mediate their differences.",no,yes,
Die Hard,"Action, Thriller",132 min,1988,John McTiernan,8.2,"908,456",94%,"Bruce Willis, Alan Rickman, Bonnie Bedelia",tt0095016,movie,R,20-Jul-88,"Roderick Thorp, Jeb Stuart, Steven E. de Souza",United States,Nominated for 4 Oscars. 8 wins & 6 nominations total,A New York City police officer tries to save his estranged wife and several others taken hostage by terrorists during a Christmas party at the Nakatomi Plaza in Los Angeles.,no,yes,
L.A. Confidential,"Crime, Drama, Mystery",138 min,1997,Curtis Hanson,8.2,"598,980",99%,"Kevin Spacey, Russell Crowe, Guy Pearce",tt0119488,movie,R,19-Sep-97,"James Ellroy, Brian Helgeland, Curtis Hanson",United States,Won 2 Oscars. 91 wins & 86 nominations total,"As corruption grows in 1950s Los Angeles, three policemen - one strait-laced, one brutal, and one sleazy - investigate a series of murders with their own brand of justice.",no,yes,
Bicycle Thieves,Drama,89 min,1948,Vittorio De Sica,8.3,"169,475",99%,"Lamberto Maggiorani, Enzo Staiola, Lianella Carell",tt0040522,movie,Not Rated,13-Dec-49,"Cesare Zavattini, Luigi Bartolini, Oreste Biancoli",Italy,Nominated for 1 Oscar. 18 wins & 1 nomination total,"In post-war Italy, a working-class man's bicycle is stolen, endangering his efforts to find work. He and his son set out to find it.",no,yes,
Snatch,"Comedy, Crime",102 min,2000,Guy Ritchie,8.2,"881,490",74%,"Jason Statham, Brad Pitt, Stephen Graham",tt0208092,movie,R,19-Jan-01,Guy Ritchie,"United Kingdom, United States",4 wins & 7 nominations,"Unscrupulous boxing promoters, violent bookmakers, a Russian gangster, incompetent amateur robbers and supposedly Jewish jewelers fight to track down a priceless stolen diamond.",no,yes,
Like Stars on Earth,"Drama, Family",165 min,2007,"Aamir Khan, Amole Gupte",8.3,"200,036",92%,"Darsheel Safary, Aamir Khan, Tanay Chheda",tt0986264,movie,PG,21-Dec-07,Amole Gupte,India,28 wins & 22 nominations,"An eight-year-old boy is thought to be a lazy trouble-maker, until the new art teacher has the patience and compassion to discover the real problem behind his struggles in school.",no,yes,
Taxi Driver,"Crime, Drama",114 min,1976,Martin Scorsese,8.2,"876,441",96%,"Robert De Niro, Jodie Foster, Cybill Shepherd",tt0075314,movie,R,9-Feb-76,Paul Schrader,United States,Nominated for 4 Oscars. 22 wins & 21 nominations total,"A mentally unstable veteran works as a nighttime taxi driver in New York City, where the perceived decadence and sleaze fuels his urge for violent action.",no,yes,
Downfall,"Biography, Drama, History",156 min,2004,Oliver Hirschbiegel,8.2,"365,273",90%,"Bruno Ganz, Alexandra Maria Lara, Ulrich Matthes",tt0363163,movie,R,8-Apr-05,"Bernd Eichinger, Joachim Fest, Traudl Junge","Germany, Austria, Italy",Nominated for 1 Oscar. 22 wins & 34 nominations total,"Traudl Junge, the final secretary for Adolf Hitler, tells of the Nazi dictator's final days in his Berlin bunker at the end of WWII.",no,yes,
Dangal,"Action, Biography, Drama",161 min,2016,Nitesh Tiwari,8.3,"200,009",88%,"Aamir Khan, Sakshi Tanwar, Fatima Sana Shaikh",tt5074352,movie,Not Rated,21-Dec-16,"Piyush Gupta, Shreyas Jain, Nikhil Mehrotra","India, United States",40 wins & 36 nominations,Former wrestler Mahavir Singh Phogat and his two wrestler daughters struggle towards glory at the Commonwealth Games in the face of societal oppression.,no,yes,
Some Like It Hot,"Comedy, Music, Romance",121 min,1959,Billy Wilder,8.2,"275,436",94%,"Marilyn Monroe, Tony Curtis, Jack Lemmon",tt0053291,movie,Passed,19-Mar-59,"Billy Wilder, I.A.L. Diamond, Robert Thoeren",United States,Won 1 Oscar. 11 wins & 13 nominations total,"After two male musicians witness a mob hit, they flee the state in an all-female band disguised as women, but further complications set in.",no,yes,
Green Book,"Biography, Comedy, Drama",130 min,2018,Peter Farrelly,8.2,"529,078",77%,"Viggo Mortensen, Mahershala Ali, Linda Cardellini",tt6966692,movie,PG-13,16-Nov-18,"Nick Vallelonga, Brian Hayes Currie, Peter Farrelly","United States, China",Won 3 Oscars. 58 wins & 123 nominations total,A working-class Italian-American bouncer becomes the driver for an African-American classical pianist on a tour of venues through the 1960s American South.,no,yes,
All About Eve,Drama,138 min,1950,Joseph L. Mankiewicz,8.2,"134,793",99%,"Bette Davis, Anne Baxter, George Sanders",tt0042192,movie,Passed,27-Oct-50,"Joseph L. Mankiewicz, Mary Orr",United States,Won 6 Oscars. 27 wins & 20 nominations total,A seemingly timid but secretly ruthless ingénue insinuates herself into the lives of an aging Broadway star and her circle of theater friends.,no,yes,
Judgment at Nuremberg,"Drama, War",179 min,1961,Stanley Kramer,8.3,"81,085",92%,"Spencer Tracy, Burt Lancaster, Richard Widmark",tt0055031,movie,Approved,18-Dec-61,"Abby Mann, Montgomery Clift",United States,Won 2 Oscars. 16 wins & 26 nominations total,"In 1948, an American court in occupied Germany tries four Nazis judged for war crimes.",no,yes,
Ran,"Action, Drama, War",162 min,1985,Akira Kurosawa,8.2,"130,572",96%,"Tatsuya Nakadai, Akira Terao, Jinpachi Nezu",tt0089881,movie,R,1-Jun-85,"Akira Kurosawa, Hideo Oguni, Masato Ide","Japan, France",Won 1 Oscar. 30 wins & 23 nominations total,"In Medieval Japan, an elderly warlord retires, handing over his empire to his three sons. However, he vastly underestimates how the new-found power will corrupt them and cause them to turn on each other...and him.",no,yes,
Unforgiven,"Drama, Western",130 min,1992,Clint Eastwood,8.2,"423,913",96%,"Clint Eastwood, Gene Hackman, Morgan Freeman",tt0105695,movie,R,7-Aug-92,David Webb Peoples,United States,Won 4 Oscars. 50 wins & 47 nominations total,"Retired Old West gunslinger William Munny reluctantly takes on one last job, with the help of his old partner Ned Logan and a young man, The ""Schofield Kid.""",no,yes,
The Treasure of the Sierra Madre,"Adventure, Drama, Western",126 min,1948,John Huston,8.2,"128,970",100%,"Humphrey Bogart, Walter Huston, Tim Holt",tt0040897,movie,Passed,24-Jan-48,"John Huston, B. Traven",United States,Won 3 Oscars. 15 wins & 5 nominations total,Two down-on-their-luck Americans searching for work in 1920s Mexico convince an old prospector to help them mine for gold in the Sierra Madre Mountains.,no,yes,
Yojimbo,"Action, Drama, Thriller",110 min,1961,Akira Kurosawa,8.2,"127,018",95%,"Toshirô Mifune, Eijirô Tôno, Tatsuya Nakadai",tt0055630,movie,Not Rated,13-Sep-61,"Akira Kurosawa, Ryûzô Kikushima",Japan,Nominated for 1 Oscar. 4 wins & 2 nominations total,A crafty ronin comes to a town divided by two criminal gangs and decides to play them against each other to free the town.,no,yes,
Monty Python and the Holy Grail,"Adventure, Comedy, Fantasy",91 min,1975,"Terry Gilliam, Terry Jones",8.2,"555,986",96%,"Graham Chapman, John Cleese, Eric Idle",tt0071853,movie,PG,25-May-75,"Graham Chapman, John Cleese, Eric Idle",United Kingdom,2 wins & 2 nominations,"King Arthur and his Knights of the Round Table embark on a surreal, low-budget search for the Holy Grail, encountering many, very silly obstacles.",no,yes,
Rashomon,"Crime, Drama, Mystery",88 min,1950,Akira Kurosawa,8.2,"174,742",98%,"Toshirô Mifune, Machiko Kyô, Masayuki Mori",tt0042876,movie,Not Rated,26-Dec-51,"Ryûnosuke Akutagawa, Akira Kurosawa, Shinobu Hashimoto",Japan,Nominated for 1 Oscar. 9 wins & 5 nominations total,"The rape of a bride and the murder of her samurai husband are recalled from the perspectives of a bandit, the bride, the samurai's ghost and a woodcutter.",no,yes,
Chinatown,"Drama, Mystery, Thriller",130 min,1974,Roman Polanski,8.2,"337,766",99%,"Jack Nicholson, Faye Dunaway, John Huston",tt0071315,movie,R,20-Jun-74,"Robert Towne, Roman Polanski",United States,Won 1 Oscar. 21 wins & 24 nominations total,"A private detective hired to expose an adulterer in 1930s Los Angeles finds himself caught up in a web of deceit, corruption, and murder.",no,yes,
Gone with the Wind,"Drama, Romance, War",238 min,1939,"Victor Fleming, George Cukor, Sam Wood",8.2,"325,052",90%,"Clark Gable, Vivien Leigh, Thomas Mitchell",tt0031381,movie,Passed,17-Jan-40,"Margaret Mitchell, Sidney Howard, Oliver H.P. Garrett",United States,Won 8 Oscars. 21 wins & 9 nominations total,A sheltered and manipulative Southern belle and a roguish profiteer face off in a turbulent romance as the society around them crumbles with the end of slavery and is rebuilt during the Civil War and Reconstruction periods.,no,yes,
Raging Bull,"Biography, Drama, Sport",129 min,1980,Martin Scorsese,8.1,"366,230",93%,"Robert De Niro, Cathy Moriarty, Joe Pesci",tt0081398,movie,R,19-Dec-80,"Jake LaMotta, Joseph Carter, Peter Savage",United States,Won 2 Oscars. 24 wins & 28 nominations total,"The life of boxer Jake LaMotta, whose violence and temper that led him to the top in the ring destroyed his life outside of it.",no,yes,
Dial M for Murder,"Crime, Thriller",105 min,1954,Alfred Hitchcock,8.2,"182,493",90%,"Ray Milland, Grace Kelly, Robert Cummings",tt0046912,movie,PG,29-May-54,Frederick Knott,United States,Nominated for 1 BAFTA Award5 wins & 3 nominations total,A former tennis star arranges the murder of his adulterous wife.,no,yes,
"Lock, Stock and Two Smoking Barrels","Action, Comedy, Crime",107 min,1998,Guy Ritchie,8.1,"599,570",75%,"Jason Flemyng, Dexter Fletcher, Nick Moran",tt0120735,movie,R,28-Aug-98,Guy Ritchie,United Kingdom,Won 1 BAFTA Award13 wins & 9 nominations total,"Eddy persuades his three pals to pool money for a vital poker game against a powerful local mobster, Hatchet Harry. Eddy loses, after which Harry gives him a week to pay back 500,000 pounds.",no,yes,
The Secret in Their Eyes,"Drama, Mystery, Romance",129 min,2009,Juan José Campanella,8.2,"216,037",89%,"Ricardo Darín, Soledad Villamil, Pablo Rago",tt1305806,movie,R,21-May-10,"Eduardo Sacheri, Juan José Campanella","Argentina, Spain",Won 1 Oscar. 53 wins & 43 nominations total,A retired legal counselor writes a novel hoping to find closure for one of his past unresolved homicide cases and for his unreciprocated love with his superior - both of which still haunt him decades later.,no,yes,
Prisoners,"Crime, Drama, Mystery",153 min,2013,Denis Villeneuve,8.1,"760,761",81%,"Hugh Jackman, Jake Gyllenhaal, Viola Davis",tt1392214,movie,R,20-Sep-13,Aaron Guzikowski,United States,Nominated for 1 Oscar. 10 wins & 38 nominations total,"When Keller Dover's daughter and her friend go missing, he takes matters into his own hands as the police pursue multiple leads and the pressure mounts.",no,yes,
The Bridge on the River Kwai,"Adventure, Drama, War",161 min,1957,David Lean,8.1,"227,073",96%,"William Holden, Alec Guinness, Jack Hawkins",tt0050212,movie,PG,14-Dec-57,"Pierre Boulle, Carl Foreman, Michael Wilson","United Kingdom, United States",Won 7 Oscars. 30 wins & 7 nominations total,"British POWs are forced to build a railway bridge across the river Kwai for their Japanese captors in occupied Burma, not knowing that the allied forces are planning a daring commando raid through the jungle to destroy it.",no,yes,
Trainspotting,Drama,93 min,1996,Danny Boyle,8.1,"706,339",90%,"Ewan McGregor, Ewen Bremner, Jonny Lee Miller",tt0117951,movie,R,9-Aug-96,"Irvine Welsh, John Hodge",United Kingdom,Nominated for 1 Oscar. 23 wins & 35 nominations total,"Renton, deeply immersed in the Edinburgh drug scene, tries to clean up and get out, despite the allure of the drugs and influence of friends.",no,yes,
Warrior,"Action, Drama, Sport",140 min,2011,Gavin O'Connor,8.1,"485,461",84%,"Tom Hardy, Nick Nolte, Joel Edgerton",tt1291584,movie,PG-13,9-Sep-11,"Gavin O'Connor, Anthony Tambakis, Cliff Dorfman",United States,Nominated for 1 Oscar. 5 wins & 22 nominations total,"The youngest son of an alcoholic former boxer returns home, where he's trained by his father for competition in a mixed martial arts tournament - a path that puts the fighter on a collision course with his estranged, older brother.",no,yes,
Gran Torino,Drama,116 min,2008,Clint Eastwood,8.1,"795,059",81%,"Clint Eastwood, Bee Vang, Christopher Carley",tt1205489,movie,R,9-Jan-09,"Nick Schenk, Dave Johannson","Germany, United States",21 wins & 22 nominations,"After a Hmong teenager tries to steal his prized 1972 Gran Torino, a disgruntled, prejudiced Korean War veteran seeks to redeem both the boy and himself.",no,yes,
Catch Me If You Can,"Biography, Crime, Drama",141 min,2002,Steven Spielberg,8.1,"1,041,143",96%,"Leonardo DiCaprio, Tom Hanks, Christopher Walken",tt0264464,movie,PG-13,25-Dec-02,"Jeff Nathanson, Frank Abagnale Jr., Stan Redding","United States, Canada",Nominated for 2 Oscars. 16 wins & 46 nominations total,"Barely 21 yet, Frank is a skilled forger who has passed as a doctor, lawyer and pilot. FBI agent Carl becomes obsessed with tracking down the con man, who only revels in the pursuit.",no,yes,
Children of Heaven,"Drama, Family, Sport",89 min,1997,Majid Majidi,8.2,"77,645",83%,"Mohammad Amir Naji, Amir Farrokh Hashemian, Bahare Seddiqi",tt0118849,movie,PG,22-Jan-99,Majid Majidi,Iran,Nominated for 1 Oscar. 13 wins & 5 nominations total,"After a boy loses his sister's pair of shoes, he goes on a series of adventures in order to find them. When he can't, he tries a new way to ""win"" a new pair.",no,yes,
Ben-Hur,"Adventure, Drama",212 min,1959,William Wyler,8.1,"246,917",85%,"Charlton Heston, Jack Hawkins, Stephen Boyd",tt0052618,movie,G,18-Nov-59,"Lew Wallace, Karl Tunberg, Gore Vidal",United States,Won 11 Oscars. 29 wins & 13 nominations total,"After a Jewish prince is betrayed and sent into slavery by a Roman friend in 1st-century Jerusalem, he regains his freedom and comes back for revenge.",no,yes,
On the Waterfront,"Crime, Drama, Thriller",108 min,1954,Elia Kazan,8.1,"160,131",99%,"Marlon Brando, Karl Malden, Lee J. Cobb",tt0047296,movie,Approved,22-Jun-54,"Budd Schulberg, Malcolm Johnson, Robert Siodmak",United States,Won 8 Oscars. 30 wins & 10 nominations total,"An ex-prize fighter turned New Jersey longshoreman struggles to stand up to his corrupt union bosses, including his older brother, as he starts to connect with the grieving sister of one of the syndicate's victims.",no,yes,
Barry Lyndon,"Adventure, Drama, War",185 min,1975,Stanley Kubrick,8.1,"175,953",88%,"Ryan O'Neal, Marisa Berenson, Patrick Magee",tt0072684,movie,PG,18-Dec-75,"Stanley Kubrick, William Makepeace Thackeray","United Kingdom, United States",Won 4 Oscars. 17 wins & 14 nominations total,An Irish rogue wins the heart of a rich widow and assumes her dead husband's aristocratic position in 18th-century England.,no,yes,
In the Name of the Father,"Biography, Crime, Drama",133 min,1993,Jim Sheridan,8.1,"181,389",94%,"Daniel Day-Lewis, Pete Postlethwaite, Alison Crosbie",tt0107207,movie,R,25-Feb-94,"Gerry Conlon, Terry George, Jim Sheridan","Ireland, United Kingdom",Nominated for 7 Oscars. 7 wins & 41 nominations total,A man's coerced confession to an I.R.A. bombing he did not commit results in the imprisonment of his father as well. An English lawyer fights to free them.,no,yes,
The General,"Action, Adventure, Comedy",78 min,1926,"Clyde Bruckman, Buster Keaton",8.1,"95,037",92%,"Buster Keaton, Marion Mack, Glen Cavender",tt0017925,movie,Passed,2-Jan-27,"Buster Keaton, Clyde Bruckman, Al Boasberg",United States,2 wins & 1 nomination,"After being rejected by the Confederate military, not realizing it was due to his crucial civilian role, an engineer must single-handedly recapture his beloved locomotive after it is seized by Union spies and return it through ene...",no,yes,
The Deer Hunter,"Drama, War",183 min,1978,Michael Cimino,8.1,"349,051",86%,"Robert De Niro, Christopher Walken, John Cazale",tt0077416,movie,R,23-Feb-79,"Michael Cimino, Deric Washburn, Louis Garfinkle","United States, United Kingdom",Won 5 Oscars. 24 wins & 27 nominations total,An in-depth examination of the ways in which the Vietnam War impacts and disrupts the lives of several friends in a small steel mill town in Pennsylvania.,no,yes,
Wild Strawberries,"Drama, Romance",91 min,1957,Ingmar Bergman,8.1,"111,379",94%,"Victor Sjöström, Bibi Andersson, Ingrid Thulin",tt0050986,movie,Not Rated,22-Jun-59,Ingmar Bergman,Sweden,Nominated for 1 Oscar. 16 wins & 4 nominations total,"After living a life marked by coldness, an aging professor is forced to confront the emptiness of his existence.",no,yes,
The Third Man,"Film-Noir, Mystery, Thriller",93 min,1949,Carol Reed,8.1,"176,851",99%,"Orson Welles, Joseph Cotten, Alida Valli",tt0041959,movie,Approved,3-Sep-49,"Graham Greene, Orson Welles, Alexander Korda",United Kingdom,Won 1 Oscar. 5 wins & 4 nominations total,"Pulp novelist Holly Martins travels to shadowy, postwar Vienna, only to find himself investigating the mysterious death of an old friend, Harry Lime.",no,yes,
The Wages of Fear,"Adventure, Drama, Thriller",131 min,1953,Henri-Georges Clouzot,8.2,"63,836",100%,"Yves Montand, Charles Vanel, Peter van Eyck",tt0046268,movie,Not Rated,16-Feb-55,"Georges Arnaud, Henri-Georges Clouzot, Jérôme Géronimi","France, Italy",Won 1 BAFTA Award6 wins & 1 nomination total,"In a decrepit South American village, four men are hired to transport an urgent nitroglycerine shipment without the equipment that would make it safe.",no,yes,
Wild Tales,"Comedy, Drama, Thriller",122 min,2014,Damián Szifron,8.1,"207,758",94%,"Darío Grandinetti, María Marull, Mónica Villa",tt3011894,movie,R,21-Aug-14,"Julian Loyola, Damián Szifron, Germán Servidio","Argentina, Spain, France, United Kingdom",Nominated for 1 Oscar. 49 wins & 58 nominations total,Six short stories that explore the extremities of human behavior involving people in distress.,no,yes,
Sherlock Jr.,"Action, Comedy, Romance",45 min,1924,Buster Keaton,8.2,"53,141",93%,"Buster Keaton, Kathryn McGuire, Joe Keaton",tt0015324,movie,Passed,11-May-24,"Jean C. Havez, Joseph A. Mitchell, Clyde Bruckman",United States,2 wins,"A film projectionist longs to be a detective, and puts his meagre skills to work when he is framed by a rival for stealing his girlfriend's father's pocketwatch.",no,yes,
Mr. Smith Goes to Washington,"Comedy, Drama",129 min,1939,Frank Capra,8.1,"118,477",85%,"James Stewart, Jean Arthur, Claude Rains",tt0031679,movie,Passed,19-Oct-39,"Sidney Buchman, Lewis R. Foster, Myles Connolly",United States,Won 1 Oscar. 5 wins & 12 nominations total,"A naive youth leader is appointed to fill a vacancy in the U.S. Senate. His idealistic plans promptly collide with corruption at home and subterfuge from his hero in Washington, but he tries to forge ahead despite attacks on his c...",no,yes,
The Seventh Seal,"Drama, Fantasy",96 min,1957,Ingmar Bergman,8.1,"191,812",93%,"Max von Sydow, Gunnar Björnstrand, Bengt Ekerot",tt0050976,movie,Not Rated,13-Oct-58,Ingmar Bergman,Sweden,9 wins & 2 nominations,"A knight returning to Sweden after the Crusades seeks answers about life, death, and the existence of God as he plays chess against the Grim Reaper during the Black Plague.",no,yes,
Room,"Drama, Thriller",118 min,2015,Lenny Abrahamson,8.1,"435,026",93%,"Brie Larson, Jacob Tremblay, Sean Bridgers",tt3170832,movie,R,22-Jan-16,Emma Donoghue,"Ireland, Canada, United Kingdom, United States",Won 1 Oscar. 108 wins & 141 nominations total,"A little boy is held captive in a room with his mother since his birth, so he has never known the world outside.",no,yes,
Tokyo Story,Drama,136 min,1953,Yasujirô Ozu,8.1,"65,144",100%,"Chishû Ryû, Chieko Higashiyama, Sô Yamamura",tt0046438,movie,Not Rated,13-Mar-72,"Kôgo Noda, Yasujirô Ozu",Japan,3 wins,"An old couple visit their children and grandchildren in the city, but receive little attention.",no,yes,
Ford v Ferrari,"Action, Biography, Drama",152 min,2019,James Mangold,8.1,"429,915",92%,"Matt Damon, Christian Bale, Jon Bernthal",tt1950186,movie,PG-13,15-Nov-19,"Jez Butterworth, John-Henry Butterworth, Jason Keller",United States,Won 2 Oscars. 25 wins & 89 nominations total,American car designer Carroll Shelby and driver Ken Miles battle corporate interference and the laws of physics to build a revolutionary race car for Ford in order to defeat Ferrari at the 24 Hours of Le Mans in 1966.,no,yes,
The Passion of Joan of Arc,"Biography, Drama, History",114 min,1928,Carl Theodor Dreyer,8.2,"57,944",98%,"Maria Falconetti, Eugene Silvain, André Berley",tt0019254,movie,Passed,25-Oct-28,"Joseph Delteil, Carl Theodor Dreyer",France,4 wins & 1 nomination,"In 1431, Jeanne d'Arc is placed on trial on charges of heresy. The ecclesiastical jurists attempt to force Jeanne to recant her claims of holy visions.",no,yes,
Rocky,"Drama, Sport",120 min,1976,John G. Avildsen,8.1,"604,817",92%,"Sylvester Stallone, Talia Shire, Burt Young",tt0075148,movie,PG,3-Dec-76,Sylvester Stallone,United States,Won 3 Oscars. 21 wins & 23 nominations total,A small-time Philadelphia boxer gets a supremely rare chance to fight the world heavyweight champion in a bout in which he strives to go the distance for his self-respect.,no,yes,
Platoon,"Drama, War",120 min,1986,Oliver Stone,8.1,"426,524",89%,"Charlie Sheen, Tom Berenger, Willem Dafoe",tt0091763,movie,R,6-Feb-87,Oliver Stone,"United States, United Kingdom",Won 4 Oscars. 24 wins & 15 nominations total,"Chris Taylor, a neophyte recruit in Vietnam, finds himself caught in a battle of wills between two sergeants, one good and the other evil. A shrewd examination of the brutality of war and the duality of man in conflict.",no,yes,
Jai Bhim,"Crime, Drama, Mystery",164 min,2021,T.J. Gnanavel,8.8,"209,235",100%,"Suriya, Lijo Mol Jose, Manikandan K.",tt15097216,movie,TV-MA,2-Nov-21,"T.J. Gnanavel, Rajendra Sapre",India,10 wins & 20 nominations,"When a tribal man is arrested for a case of alleged theft, his wife turns to a human-rights lawyer to help bring justice.",no,yes,
Before Sunset,"Drama, Romance",80 min,2004,Richard Linklater,8.1,"276,883",94%,"Ethan Hawke, Julie Delpy, Vernon Dobtcheff",tt0381681,movie,R,30-Jul-04,"Richard Linklater, Julie Delpy, Ethan Hawke","United States, France",Nominated for 1 Oscar. 9 wins & 32 nominations total,"Nine years after Jesse and Celine first met, they encounter each other again on the French leg of Jesse's book tour.",no,yes,
Rush,"Action, Biography, Drama",123 min,2013,Ron Howard,8.1,"496,194",88%,"Daniel Brühl, Chris Hemsworth, Olivia Wilde",tt1979320,movie,R,27-Sep-13,Peter Morgan,"United Kingdom, United States",Won 1 BAFTA Award6 wins & 65 nominations total,The merciless 1970s rivalry between Formula One rivals James Hunt and Niki Lauda.,no,yes,
Network,Drama,121 min,1976,Sidney Lumet,8.1,"165,082",92%,"Faye Dunaway, William Holden, Peter Finch",tt0074958,movie,R,27-Nov-76,Paddy Chayefsky,United States,Won 4 Oscars. 20 wins & 27 nominations total,"A television network cynically exploits a deranged former anchor's ravings and revelations about the news media for its own profit, but finds that his message may be difficult to control.",no,yes,
Stand by Me,"Adventure, Drama",89 min,1986,Rob Reiner,8.1,"422,704",92%,"Wil Wheaton, River Phoenix, Corey Feldman",tt0092005,movie,R,22-Aug-86,"Stephen King, Raynold Gideon, Bruce A. Evans",United States,Nominated for 1 Oscar. 6 wins & 11 nominations total,"After the death of one of his friends, a writer recounts a childhood journey with his friends to find the body of a missing boy.",no,yes,
The Best Years of Our Lives,"Drama, Romance, War",170 min,1946,William Wyler,8.1,"68,028",97%,"Myrna Loy, Dana Andrews, Fredric March",tt0036868,movie,Approved,29-May-47,"Robert E. Sherwood, MacKinlay Kantor",United States,Won 7 Oscars. 21 wins & 3 nominations total,"Three World War II veterans, two of them traumatized or disabled, return home to the American midwest to discover that they and their families have been irreparably changed.",no,yes,
La haine,"Crime, Drama",98 min,1995,Mathieu Kassovitz,8.1,"184,560",96%,"Vincent Cassel, Hubert Koundé, Saïd Taghmaoui",tt0113247,movie,Not Rated,23-Feb-96,Mathieu Kassovitz,France,8 wins & 15 nominations,24 hours in the lives of three young men in the French suburbs the day after a violent riot.,no,yes,
To Be or Not to Be,"Comedy, Romance, War",99 min,1942,Ernst Lubitsch,8.2,"40,147",96%,"Carole Lombard, Jack Benny, Robert Stack",tt0035446,movie,Passed,6-Mar-42,"Melchior Lengyel, Edwin Justus Mayer, Ernst Lubitsch",United States,Nominated for 1 Oscar. 2 wins & 2 nominations total,"During the Nazi occupation of Poland, an acting troupe becomes embroiled in a Polish soldier's efforts to track down a German spy.",no,yes,
My Father and My Son,"Drama, Family",112 min,2005,Çagan Irmak,8.2,"89,086",N/A,"Çetin Tekindor, Fikret Kuskan, Hümeyra",tt0476735,movie,Not Rated,18-Nov-05,Çagan Irmak,Turkey,14 wins & 7 nominations,The family of a left-wing journalist is torn apart after the military coup of Turkey in 1980.,no,yes,
The Grapes of Wrath,Drama,129 min,1940,John Ford,8.1,"96,757",100%,"Henry Fonda, Jane Darwell, John Carradine",tt0032551,movie,Passed,15-Mar-40,"Nunnally Johnson, John Steinbeck",United States,Won 2 Oscars. 10 wins & 6 nominations total,"An Oklahoma family, driven off their farm by the poverty and hopelessness of the Dust Bowl, joins the westward migration to California, suffering the misfortunes of the homeless in the Great Depression.",no,yes,
The Battle of Algiers,"Drama, War",121 min,1966,Gillo Pontecorvo,8.1,"63,086",99%,"Brahim Hadjadj, Jean Martin, Yacef Saadi",tt0058946,movie,Not Rated,20-Sep-67,"Franco Solinas, Gillo Pontecorvo","Italy, Algeria",Nominated for 3 Oscars. 9 wins & 8 nominations total,"In the 1950s, fear and violence escalate as the people of Algiers fight for independence from the French government.",no,yes,
Rebecca,"Drama, Film-Noir, Mystery",130 min,1940,Alfred Hitchcock,8.1,"141,946",98%,"Laurence Olivier, Joan Fontaine, George Sanders",tt0032976,movie,Approved,12-Apr-40,"Daphne Du Maurier, Robert E. Sherwood, Joan Harrison",United States,Won 2 Oscars. 7 wins & 10 nominations total,A self-conscious woman juggles adjusting to her new role as an aristocrat's wife and avoiding being intimidated by his first wife's spectral presence.,no,yes,
Cool Hand Luke,"Crime, Drama",127 min,1967,Stuart Rosenberg,8.1,"183,928",100%,"Paul Newman, George Kennedy, Strother Martin",tt0061512,movie,GP,1-Nov-67,"Donn Pearce, Frank Pierson, Hal Dresner",United States,Won 1 Oscar. 4 wins & 11 nominations total,"A laid-back Southern man is sentenced to two years in a rural prison, but refuses to conform.",no,yes,
Pather Panchali,Drama,125 min,1955,Satyajit Ray,8.2,"35,875",98%,"Kanu Bannerjee, Karuna Bannerjee, Subir Banerjee",tt0048473,movie,Not Rated,26-Aug-55,"Bibhutibhushan Bandyopadhyay, Satyajit Ray",India,Nominated for 1 BAFTA Award11 wins & 2 nominations total,"Impoverished priest Harihar Ray, dreaming of a better life for himself and his family, leaves his rural Bengal village in search of work.",no,yes,
The Sound of Music,"Biography, Drama, Family",172 min,1965,Robert Wise,8.1,"247,284",84%,"Julie Andrews, Christopher Plummer, Eleanor Parker",tt0059742,movie,G,1-Apr-65,"Georg Hurdalek, Howard Lindsay, Russel Crouse",United States,Won 5 Oscars. 17 wins & 13 nominations total,A young novice is sent by her convent in 1930s Austria to become a governess to the seven children of a widowed naval officer.,no,yes,
It Happened One Night,"Comedy, Romance",105 min,1934,Frank Capra,8.1,"108,380",98%,"Clark Gable, Claudette Colbert, Walter Connolly",tt0025316,movie,Passed,22-Feb-34,"Robert Riskin, Samuel Hopkins Adams",United States,Won 5 Oscars. 11 wins & 2 nominations total,"A renegade reporter trailing a young runaway heiress for a big story joins her on a bus heading from Florida to New York, and they end up stuck with each other when the bus leaves them behind at one of the stops.",no,yes,
The 400 Blows,"Crime, Drama",99 min,1959,François Truffaut,8.1,"123,595",99%,"Jean-Pierre Léaud, Albert Rémy, Claire Maurier",tt0053198,movie,Not Rated,16-Nov-59,"François Truffaut, Marcel Moussy",France,Nominated for 1 Oscar. 8 wins & 5 nominations total,"A young boy, left without attention, delves into a life of petty crime.",no,yes,
The Help,Drama,146 min,2011,Tate Taylor,8.1,"476,661",76%,"Viola Davis, Emma Stone, Octavia Spencer",tt1454029,movie,PG-13,10-Aug-11,"Tate Taylor, Kathryn Stockett","United States, India",Won 1 Oscar. 79 wins & 121 nominations total,"An aspiring author during the civil rights movement of the 1960s decides to write a book detailing the African American maids' point of view on the white families for which they work, and the hardships they go through on a daily b...",no,yes,
Persona,"Drama, Thriller",83 min,1966,Ingmar Bergman,8.1,"124,806",91%,"Bibi Andersson, Liv Ullmann, Margaretha Krook",tt0060827,movie,Not Rated,16-Mar-67,Ingmar Bergman,Sweden,Nominated for 1 BAFTA Award8 wins & 4 nominations total,A nurse is put in charge of a mute actress and finds that their personae are melding together.,no,yes,
Drishyam,"Crime, Drama, Mystery",163 min,2015,Nishikant Kamat,8.2,"89,484",81%,"Ajay Devgn, Shriya Saran, Tabu",tt4430212,movie,Not Rated,31-Jul-15,"Jeethu Joseph, Upendra Sidhaye",India,2 wins & 8 nominations,"Desperate measures are taken by a man who tries to save his family from the dark side of the law, after they commit an unexpected crime.",no,yes,
3-Iron,"Crime, Drama, Romance",88 min,2004,Kim Ki-duk,7.9,"56,826",87%,"Seung-Yun Lee, Hee Jae, Hyuk-ho Kwon",tt0423866,movie,R,15-Oct-04,Kim Ki-duk,"South Korea, Japan",17 wins & 11 nominations,A transient young man breaks into empty homes to partake of the vacationing residents' lives for a few days.,no,yes,
Persian Lessons,"Drama, War",127 min,2020,Vadim Perelman,7.4,"10,648",79%,"Nahuel Pérez Biscayart, Lars Eidinger, Jonas Nay",tt9738784,movie,N/A,24-Sep-20,"Ilja Zofin, Wolfgang Kohlhaase","Russia, Germany, Belarus",8 wins & 13 nominations,"A young Jewish man in a concentration camp has his life saved when executioners realize he owns a Persian book. Brought before a camp officer who wants to learn Farsi, Gilles agrees to teach him despite not knowing a word of the l...",no,yes,
Before Midnight,"Drama, Romance",109 min,2013,Richard Linklater,7.9,"165,936",98%,"Ethan Hawke, Julie Delpy, Seamus Davey-Fitzpatrick",tt2209418,movie,R,14-Jun-13,"Richard Linklater, Julie Delpy, Ethan Hawke","United States, Greece",Nominated for 1 Oscar. 20 wins & 63 nominations total,We meet Jesse and Celine nine years on in Greece. Almost two decades have passed since their first meeting on that train bound for Vienna.,no,yes,
Carnage,"Comedy, Drama",80 min,2011,Roman Polanski,7.1,"130,262",70%,"Jodie Foster, Kate Winslet, Christoph Waltz",tt1692486,movie,R,18-Nov-11,"Yasmina Reza, Michael Katims, Roman Polanski","France, Germany, Poland, Spain",7 wins & 20 nominations,"Two pairs of parents hold a cordial meeting after their sons are involved in a fight, though as their time together progresses, increasingly childish behavior throws the discussion into chaos.",no,yes,
The Invasion,"Sci-Fi, Thriller",99 min,2007,Oliver Hirschbiegel,5.9,"80,943",20%,"Nicole Kidman, Daniel Craig, Jeremy Northam",tt0427392,movie,PG-13,17-Aug-07,"David Kajganich, Jack Finney","United States, Australia",1 win & 2 nominations,"As a Washington, D.C. psychiatrist unearths the origin of an alien epidemic, she also discovers her son might be the only way it can be stopped.",no,yes,
Never Look Away,"Biography, Drama, Romance",189 min,2018,Florian Henckel von Donnersmarck,7.7,"23,783",77%,"Tom Schilling, Sebastian Koch, Paula Beer",tt5311542,movie,R,3-Oct-18,Florian Henckel von Donnersmarck,"Germany, Italy",Nominated for 2 Oscars. 5 wins & 18 nominations total,"German artist Kurt Barnert has escaped East Germany and now lives in West Germany, but is tormented by his childhood under the Nazis and the GDR-regime.",no,yes,
The Wire,"Crime, Drama, Thriller",59 min,20022008,N/A,9.3,"357,879",N/A,"Dominic West, Lance Reddick, Sonja Sohn",tt0306414,series,TV-MA,2-Jun-02,David Simon,United States,Nominated for 2 Primetime Emmys. 16 wins & 54 nominations total,"The Baltimore drug scene, as seen through the eyes of drug dealers and law enforcement.",no,yes,
The Sopranos,"Crime, Drama",55 min,19992007,N/A,9.2,"431,899",N/A,"James Gandolfini, Lorraine Bracco, Edie Falco",tt0141842,series,TV-MA,10-Jan-99,David Chase,United States,Won 21 Primetime Emmys. 122 wins & 309 nominations total,"New Jersey mob boss Tony Soprano deals with personal and professional issues in his home and business life that affect his mental state, leading him to seek professional psychiatric counseling.",no,yes,
After Life,"Comedy, Drama",30 min,20192022,N/A,8.4,"145,575",N/A,"Ricky Gervais, Tom Basden, Tony Way",tt8398600,series,TV-MA,8-Mar-19,Ricky Gervais,United Kingdom,3 wins & 6 nominations,"After Tony's wife dies, his nice-guy persona is altered into an impulsive, devil-may-care attitude that takes his old world by storm.",no,yes,
Slumberland,"Adventure, Comedy, Drama",117 min,2022,Francis Lawrence,6.7,"27,124",40%,"Jason Momoa, Marlow Barkley, Chris O'Dowd",tt13320662,movie,PG,18-Nov-22,"David Guion, Michael Handelman",United States,3 nominations,"A young girl discovers a secret map to the dreamworld of Slumberland, and with the help of an eccentric outlaw, she traverses dreams and flees nightmares, with the hope that she will be able to see her late father again.",no,yes,
Happening,Drama,100 min,2021,Audrey Diwan,7.4,"10,099",99%,"Anamaria Vartolomei, Kacey Mottet Klein, Luàna Bajrami",tt13880104,movie,R,24-Nov-21,"Marcia Romano, Audrey Diwan, Annie Ernaux",France,Nominated for 1 BAFTA Award25 wins & 46 nominations total,"An adaptation of Annie Ernaux's novel of the same name, looking back on her experience with abortion when it was still illegal in France in the 1960s.",no,yes,
Killing Them Softly,"Crime, Drama, Thriller",97 min,2012,Andrew Dominik,6.2,"149,175",74%,"Brad Pitt, Ray Liotta, Richard Jenkins",tt1764234,movie,R,30-Nov-12,"Andrew Dominik, George V. Higgins",United States,3 wins & 9 nominations,"Jackie Cogan is an enforcer hired to restore order after three dumb guys rob a Mob protected card game, causing the local criminal economy to collapse.",no,yes,
EO,Drama,88 min,2022,Jerzy Skolimowski,6.8,"11,364",96%,"Hola, Tako, Marietta",tt19652910,movie,Not Rated,21-Jan-23,"Ewa Piaskowska, Jerzy Skolimowski","Poland, Italy, United Kingdom",Nominated for 1 Oscar. 21 wins & 55 nominations total,"Follows a donkey who encounters on his journeys good and bad people, experiences joy and pain, exploring a vision of modern Europe through his eyes.",no,yes,
Aftersun,Drama,102 min,2022,Charlotte Wells,7.7,"69,832",96%,"Paul Mescal, Frankie Corio, Celia Rowlson-Hall",tt19770238,movie,R,18-Nov-22,Charlotte Wells,"United Kingdom, United States",Nominated for 1 Oscar. 81 wins & 162 nominations total,Sophie reflects on the shared joy and private melancholy of a holiday she took with her father twenty years earlier. Memories real and imagined fill the gaps between as she tries to reconcile the father she knew with the man she d...,no,yes,
The Imaginarium of Doctor Parnassus,"Adventure, Comedy, Fantasy",123 min,2009,Terry Gilliam,6.8,"152,203",64%,"Christopher Plummer, Lily Cole, Heath Ledger",tt1054606,movie,PG-13,8-Jan-10,"Terry Gilliam, Charles McKeown","United Kingdom, France, Canada",Nominated for 2 Oscars. 5 wins & 23 nominations total,A traveling theater company gives its audience much more than they were expecting.,no,yes,
Emily,"Biography, Drama, History",130 min,2022,Frances O'Connor,6.8,"5,650",N/A,"Emma Mackey, Oliver Jackson-Cohen, Fionn Whitehead",tt12374656,movie,R,14-Oct-22,Frances O'Connor,"United Kingdom, United States",5 wins & 10 nominations,"""Emily"" imagines the transformative, exhilarating, and uplifting journey to womanhood of a rebel and a misfit, one of the world's most famous, enigmatic, and provocative writers, who died, too soon, at age 30.",no,yes,
Locke,Drama,85 min,2013,Steven Knight,7.1,"155,179",91%,"Tom Hardy, Olivia Colman, Ruth Wilson",tt2692904,movie,R,18-Apr-14,Steven Knight,"United Kingdom, United States",7 wins & 33 nominations,"Ivan Locke, a dedicated family man and successful construction manager, receives a phone call on the eve of the biggest challenge of his career that sets in motion a series of events that threaten his carefully cultivated existence.",no,yes,
Victoria,"Crime, Drama, Romance",138 min,2015,Sebastian Schipper,7.6,"60,989",82%,"Laia Costa, Frederick Lau, Franz Rogowski",tt4226388,movie,Not Rated,11-Jun-15,"Sebastian Schipper, Olivia Neergaard-Holm, Eike Frederik Schulz",Germany,17 wins & 21 nominations,A young Spanish woman who has recently moved to Berlin finds her flirtation with a local guy turn potentially deadly as their night out with his friends reveals a dangerous secret.,no,yes,
Night on Earth,"Comedy, Drama",129 min,1991,Jim Jarmusch,7.7,"63,425",76%,"Winona Ryder, Gena Rowlands, Lisanne Falk",tt0102536,movie,R,12-Dec-91,Jim Jarmusch,"France, United Kingdom, Germany, United States, Japan",1 win & 1 nomination,An anthology of 5 different cab drivers in 5 American and European cities and their remarkable fares on the same eventful night.,no,yes,
The Worst Person in the World,"Comedy, Drama, Romance",128 min,2021,Joachim Trier,7.8,"83,177",96%,"Renate Reinsve, Anders Danielsen Lie, Herbert Nordrum",tt10370710,movie,R,13-Oct-21,"Eskil Vogt, Joachim Trier","Norway, France, Sweden, Denmark",Nominated for 2 Oscars. 43 wins & 102 nominations total,"The chronicles of four years in the life of Julie, a young woman who navigates the troubled waters of her love life and struggles to find her career path, leading her to take a realistic look at who she really is.",no,yes,
Rushmore,"Comedy, Drama, Romance",93 min,1998,Wes Anderson,7.6,"192,705",90%,"Jason Schwartzman, Bill Murray, Olivia Williams",tt0128445,movie,R,19-Feb-99,"Wes Anderson, Owen Wilson",United States,16 wins & 16 nominations,"A teenager at Rushmore Academy falls for a much older teacher and befriends a middle-aged industrialist. Later, he finds out that his love interest and his friend are having an affair, which prompts him to begin a vendetta.",no,yes,
The Kite Runner,Drama,128 min,2007,Marc Forster,7.6,"81,466",65%,"Khalid Abdalla, Ahmad Khan Mahmoodzada, Atossa Leoni",tt0419887,movie,PG-13,11-Jan-08,"David Benioff, Khaled Hosseini","United Kingdom, China, United States",Nominated for 1 Oscar. 6 wins & 25 nominations total,"After spending years in California, Amir returns to his homeland in Afghanistan to help his old friend Hassan, whose son is in trouble.",no,yes,
In Bruges,"Comedy, Crime, Drama",107 min,2008,Martin McDonagh,7.9,"448,658",84%,"Colin Farrell, Brendan Gleeson, Ciarán Hinds",tt0780536,movie,R,29-Feb-08,Martin McDonagh,"United Kingdom, United States",Nominated for 1 Oscar. 24 wins & 55 nominations total,"Guilt-stricken after a job gone wrong, hitman Ray and his partner await orders from their ruthless boss in Bruges, Belgium, the last place in the world Ray wants to be.",no,yes,
The Legend of 1900,"Drama, Music, Romance",169 min,1998,Giuseppe Tornatore,8,"67,268",56%,"Tim Roth, Pruitt Taylor Vince, Mélanie Thierry",tt0120731,movie,R,28-Oct-98,"Alessandro Baricco, Giuseppe Tornatore",Italy,22 wins & 10 nominations,"A baby boy discovered on an ocean liner in 1900 grows into a musical prodigy, never setting foot on land.",no,yes,
Pieces of a Woman,Drama,126 min,2020,Kornél Mundruczó,7,"53,706",75%,"Vanessa Kirby, Shia LaBeouf, Ellen Burstyn",tt11161474,movie,R,7-Jan-21,Kata Wéber,"Canada, Hungary, United States",Nominated for 1 Oscar. 9 wins & 63 nominations total,"When a young mother's home birth ends in unfathomable tragedy, she begins a year-long odyssey of mourning that fractures relationships with loved ones in this deeply personal story of a woman learning to live alongside her loss.",no,yes,
Predestination,"Action, Drama, Sci-Fi",97 min,2014,"Michael Spierig, Peter Spierig",7.4,"292,994",84%,"Ethan Hawke, Sarah Snook, Noah Taylor",tt2397535,movie,R,9-Jan-15,"Michael Spierig, Peter Spierig, Robert A. Heinlein","Australia, United States",12 wins & 20 nominations,"For his final assignment, a top temporal agent must pursue the one criminal that has eluded him throughout time. The chase turns into a unique, surprising and mind-bending exploration of love, fate, identity and time travel taboos.",no,yes,
Better Days,"Crime, Drama, Romance",135 min,2019,Derek Tsang,7.6,"11,618",97%,"Dongyu Zhou, Jackson Yee, Fang Yin",tt9586294,movie,N/A,25-Oct-19,"Wing-Sum Lam, Yuan Li, Yimeng Xu","China, Hong Kong",Nominated for 1 Oscar. 65 wins & 73 nominations total,"A bullied teenage girl forms an unlikely friendship with a mysterious young man who protects her from her assailants, all while she copes with the pressures of her final examinations.",no,yes,
Wonder,"Drama, Family",113 min,2017,Stephen Chbosky,7.9,"172,184",85%,"Jacob Tremblay, Owen Wilson, Izabela Vidovic",tt2543472,movie,PG,17-Nov-17,"Stephen Chbosky, Steve Conrad, Jack Thorne","United States, Hong Kong, Canada",Nominated for 1 Oscar. 5 wins & 29 nominations total,"Based on the New York Times bestseller, this movie tells the incredibly inspiring and heartwarming story of August Pullman, a boy with facial differences who enters the fifth grade, attending a mainstream elementary school for the...",no,yes,
Mother and Child,"Drama, Romance",125 min,2009,Rodrigo García,7.2,"12,561",78%,"Naomi Watts, Annette Bening, Kerry Washington",tt1121977,movie,R,2-Jul-10,Rodrigo García,"United States, Spain",4 wins & 12 nominations,"A drama centered around three women: A fifty-year-old woman, the daughter she gave up for adoption thirty-five years ago, and a woman looking to adopt a child of her own.",no,yes,
The Unknown Woman,"Drama, Mystery, Thriller",118 min,2006,Giuseppe Tornatore,7.4,"15,753",68%,"Kseniya Rappoport, Michele Placido, Claudia Gerini",tt0494271,movie,R,20-Oct-06,"Giuseppe Tornatore, Massimo De Rita","Italy, France",21 wins & 26 nominations,"Haunted by a horrible past, a young Ukrainian woman calculatedly insinuates herself into the life of a rich Italian family.",no,yes,
Palmer,Drama,110 min,2021,Fisher Stevens,7.2,"39,526",72%,"Justin Timberlake, Juno Temple, Alisha Wainwright",tt6857376,movie,R,29-Jan-21,Cheryl Guerriero,United States,3 nominations,An ex-convict strikes up a friendship with a boy from a troubled home.,no,yes,
11-Sep,Drama,134 min,2002,"Youssef Chahine, Amos Gitai, Shôhei Imamura",6.9,"5,834",77%,"Maryam Karimi, Mohamad Dolati, Agelem Habibi",tt0328802,movie,Unrated,11-Sep-02,"Alain Brigand, Youssef Chahine, Sabrina Dhawan","United Kingdom, France, Egypt, Japan, Mexico, United States, Iran",3 wins & 1 nomination,The effects of the 9/11 terrorist attacks are told from different points of view around the world.,no,yes,
Before the Flood,"Documentary, News",96 min,2016,Fisher Stevens,8.2,"28,381",75%,"Leonardo DiCaprio, Ban Ki-moon, Alejandro G. Iñárritu",tt5929776,movie,PG,30-Oct-16,Mark Monroe,United States,2 wins & 8 nominations,"A look at how climate change affects our environment and what society can do to prevent the demise of endangered species, ecosystems and native communities across the planet.",no,yes,
Biutiful,"Drama, Romance",148 min,2010,Alejandro G. Iñárritu,7.4,"93,116",66%,"Javier Bardem, Maricel Álvarez, Hanaa Bouchaib",tt1164999,movie,R,4-Feb-11,"Alejandro G. Iñárritu, Armando Bo, Nicolás Giacobone","Mexico, Spain",Nominated for 2 Oscars. 21 wins & 65 nominations total,A man dying of cancer tries his best to leave the world on his own terms.,no,yes,
Birdman or (The Unexpected Virtue of Ignorance),"Comedy, Drama",119 min,2014,Alejandro G. Iñárritu,7.7,"650,050",91%,"Michael Keaton, Zach Galifianakis, Edward Norton",tt2562232,movie,R,14-Nov-14,"Alejandro G. Iñárritu, Nicolás Giacobone, Alexander Dinelaris",United States,Won 4 Oscars. 192 wins & 293 nominations total,"A washed-up superhero actor attempts to revive his fading career by writing, directing, and starring in a Broadway production.",no,yes,
Babel,Drama,143 min,2006,Alejandro G. Iñárritu,7.5,"311,095",69%,"Brad Pitt, Cate Blanchett, Gael García Bernal",tt0449467,movie,R,10-Nov-06,"Guillermo Arriaga, Alejandro G. Iñárritu","United States, Mexico, France",Won 1 Oscar. 43 wins & 137 nominations total,"Tragedy strikes a married couple on vacation in the Moroccan desert, touching off an interlocking story involving four different families.",no,yes,
21 Grams,"Crime, Drama, Thriller",124 min,2003,Alejandro G. Iñárritu,7.6,"241,930",81%,"Sean Penn, Benicio Del Toro, Naomi Watts",tt0315733,movie,R,16-Jan-04,Guillermo Arriaga,United States,Nominated for 2 Oscars. 30 wins & 79 nominations total,"A freak accident brings together a critically ill mathematician, a grieving mother, and a born-again ex-con.",no,yes,
A Bug's Life,"Animation, Adventure, Comedy",95 min,1998,"John Lasseter, Andrew Stanton",7.2,"304,700",92%,"Kevin Spacey, David Foley, Julia Louis-Dreyfus",tt0120623,movie,G,25-Nov-98,"John Lasseter, Andrew Stanton, Joe Ranft","United States, Japan",Nominated for 1 Oscar. 14 wins & 21 nominations total,"A misfit ant, looking for ""warriors"" to save his colony from greedy grasshoppers, recruits a group of bugs that turn out to be an inept circus troupe.",no,yes,
The Triplets of Belleville,"Animation, Adventure, Comedy",80 min,2003,Sylvain Chomet,7.7,"56,050",N/A,"Michèle Caucheteux, Jean-Claude Donda, Michel Robin",tt0286244,movie,PG-13,13-Feb-04,Sylvain Chomet,"France, Belgium, Canada, United Kingdom, Latvia, United States",Nominated for 2 Oscars. 20 wins & 41 nominations total,"When her grandson is kidnapped during the Tour de France, Madame Souza and her beloved pooch Bruno team up with the Belleville Sisters--an aged song-and-dance team from the days of Fred Astaire--to rescue him.",no,yes,
12 Angry Men,"Crime, Drama",96 min,1957,Sidney Lumet,9,"822,198",100%,"Henry Fonda, Lee J. Cobb, Martin Balsam",tt0050083,movie,Approved,10-Apr-57,Reginald Rose,United States,Nominated for 3 Oscars. 16 wins & 12 nominations total,The jury in a New York City murder trial is frustrated by a single member whose skeptical caution forces them to more carefully consider the evidence before jumping to a hasty verdict.,no,yes,
Brother Bear,"Animation, Adventure, Comedy",85 min,2003,"Aaron Blaise, Robert Walker",6.8,"117,873",37%,"Joaquin Phoenix, Jeremy Suarez, Rick Moranis",tt0328880,movie,G,1-Nov-03,"Tab Murphy, Lorne Cameron, David Hoselton","United States, Japan",Nominated for 1 Oscar. 2 wins & 22 nominations total,"When a young Inuit hunter needlessly kills a bear, he is magically changed into a bear himself as punishment with a talkative cub being his only guide to changing back.",no,yes,
The Breadwinner,"Animation, Drama, Family",94 min,2017,Nora Twomey,7.7,"27,237",95%,"Saara Chaudry, Soma Chhaya, Noorin Gulamgaus",tt3901826,movie,PG-13,17-Nov-17,"Anita Doron, Deborah Ellis","Ireland, Canada, Luxembourg, United States",Nominated for 1 Oscar. 22 wins & 55 nominations total,"In 2001, Afghanistan is under the control of the Taliban. When her father is captured, a determined young girl disguises herself as a boy in order to provide for her family.",no,yes,
Waltz with Bashir,"Documentary, Animation, Biography",90 min,2008,Ari Folman,8,"59,276",96%,"Ari Folman, Ron Ben-Yishai, Ronny Dayag",tt1185616,movie,R,12-Jun-08,Ari Folman,"Israel, France, Germany, United States, Finland, Switzerland, Belgium, Australia",Nominated for 1 Oscar. 45 wins & 63 nominations total,An Israeli film director interviews fellow veterans of the 1982 invasion of Lebanon to reconstruct his own memories of his term of service in that conflict.,no,yes,
Millennium Actress,"Animation, Drama, Fantasy",87 min,2001,Satoshi Kon,7.8,"30,128",93%,"Miyoko Shôji, Shôzô Îzuka, Mami Koyama",tt0291350,movie,PG,14-Sep-02,"Satoshi Kon, Sadayuki Murai",Japan,6 wins & 8 nominations,A TV interviewer and his cameraman meet a former actress and travel through her memories and career.,no,yes,
Lady and the Tramp,"Animation, Adventure, Comedy",76 min,1955,"Clyde Geronimi, Wilfred Jackson, Hamilton Luske",7.3,"142,807",93%,"Barbara Luddy, Larry Roberts, Peggy Lee",tt0048280,movie,G,22-Jun-55,"Ward Greene, Erdman Penner, Joe Rinaldi",United States,Nominated for 1 BAFTA Award2 wins & 2 nominations total,The romantic tale of a sheltered uptown Cocker Spaniel dog and a streetwise downtown Mutt.,no,yes,
The Boy and the World,"Animation, Adventure, Family",80 min,2013,Alê Abreu,7.5,"7,382",93%,"Vinicius Garcia, Marco Aurélio Campos, Lu Horta",tt3183630,movie,PG,17-Jan-14,Alê Abreu,Brazil,Nominated for 1 Oscar. 16 wins & 12 nominations total,A little boy goes on an adventurous quest in search of his father.,no,yes,
When Marnie Was There,"Animation, Drama, Family",103 min,2014,Hiromasa Yonebayashi,7.7,"44,463",92%,"Sara Takatsuki, Kasumi Arimura, Nanako Matsushima",tt3398268,movie,PG,7-Aug-15,"Joan G. Robinson, Keiko Niwa, Masashi Andô",Japan,Nominated for 1 Oscar. 4 wins & 18 nominations total,"Due to 12 y.o. Anna's asthma, she's sent to stay with relatives of her guardian in the Japanese countryside. She likes to be alone, sketching. She befriends Marnie. Who is the mysterious, blonde Marnie.",no,yes,
Charlotte's Web,"Adventure, Comedy, Family",97 min,2006,Gary Winick,6.3,"44,906",79%,"Dakota Fanning, Julia Roberts, Oprah Winfrey",tt0413895,movie,G,15-Dec-06,"Susannah Grant, Karey Kirkpatrick, Earl Hamner Jr.","United States, Germany, Australia",10 wins & 11 nominations,"Wilbur the pig is scared of the end of the season, because he knows that come that time, he will end up on the dinner table. He hatches a plan with Charlotte, a spider that lives in his pen, to ensure that this will never happen.",no,yes,
Fantastic Planet,"Animation, Sci-Fi",72 min,1973,René Laloux,7.7,"34,600",91%,"Barry Bostwick, Jennifer Drake, Eric Baugin",tt0070544,movie,PG,1-Dec-73,"Stefan Wul, Roland Topor, René Laloux","France, Czechoslovakia",1 win & 2 nominations,"On a faraway planet where blue giants rule, oppressed humanoids rebel against their machine-like leaders.",no,yes,
The Secret of NIMH,"Animation, Adventure, Drama",82 min,1982,Don Bluth,7.5,"43,297",93%,"Elizabeth Hartman, Derek Jacobi, Dom DeLuise",tt0084649,movie,G,16-Jul-82,"Robert C. O'Brien, Don Bluth, John Pomeroy",United States,1 win & 2 nominations,"To save her ill son, a field mouse must seek the aid of a colony of rats, with whom she has a deeper link than she suspected.",no,yes,
Fritz the Cat,"Animation, Comedy, Drama",78 min,1972,Ralph Bakshi,6.2,"13,786",64%,"Skip Hinnant, Rosetta LeNoire, John McCurry",tt0068612,movie,Unrated,14-Apr-72,"Ralph Bakshi, Robert Crumb",United States,N/A,A hypocritical swinging college student cat raises hell in a satiric vision of various elements on the 1960s.,no,yes,
Wallace & Gromit: The Wrong Trousers,"Animation, Short, Comedy",29 min,1993,Nick Park,8.3,"55,787",N/A,Peter Sallis,tt0108598,movie,TV-PG,17-Dec-93,"Nick Park, Bob Baker, Brian Sibley",United Kingdom,Won 1 Oscar. 14 wins & 1 nomination total,"Gromit butts heads with a mysterious penguin lodger, who hatches a sinister scheme involving the ex-NASA Techno Trousers that have been modified by Wallace for walkies.",no,yes,
"South Park: Bigger, Longer & Uncut","Animation, Comedy, Fantasy",81 min,1999,Trey Parker,7.7,"211,003",80%,"Trey Parker, Matt Stone, Mary Kay Bergman",tt0158983,movie,R,30-Jun-99,"Trey Parker, Matt Stone, Pam Brady","United States, Spain",Nominated for 1 Oscar. 7 wins & 11 nominations total,"When Stan Marsh and his friends go see an R-rated movie, they start cursing and their parents think that Canada is to blame.",no,yes,
The Adventures of Prince Achmed,"Animation, Adventure, Family",80 min,1926,"Lotte Reiniger, Carl Koch",7.8,"6,571",100%,N/A,tt0015532,movie,Not Rated,20-Jun-29,Lotte Reiniger,Germany,N/A,"A handsome prince rides a flying horse to faraway lands and embarks on magical adventures, which include befriending a witch, meeting Aladdin, battling demons and falling in love with a princess.",no,yes,
Yellow Submarine,"Animation, Adventure, Comedy",85 min,1968,George Dunning,7.4,"27,291",97%,"Paul McCartney, George Harrison, Ringo Starr",tt0063823,movie,G,13-Nov-68,"Lee Minoff, John Lennon, Paul McCartney","United Kingdom, United States",2 wins & 2 nominations,The Beatles agree to accompany Captain Fred in his yellow submarine and go to Pepperland to free it from the music-hating Blue Meanies.,no,yes,
Waking Life,"Animation, Drama, Fantasy",99 min,2001,Richard Linklater,7.7,"65,843",80%,"Ethan Hawke, Trevor Jack Brooks, Lorelei Linklater",tt0243017,movie,R,7-Mar-02,Richard Linklater,United States,5 wins & 21 nominations,A man shuffles through a dream meeting various people and discussing the meanings and purposes of the universe.,no,yes,
Anomalisa,"Animation, Comedy, Drama",90 min,2015,"Duke Johnson, Charlie Kaufman",7.3,"73,926",91%,"David Thewlis, Jennifer Jason Leigh, Tom Noonan",tt2401878,movie,R,11-Mar-16,Charlie Kaufman,"United Kingdom, United States",Nominated for 1 Oscar. 24 wins & 78 nominations total,A man crippled by the mundanity of his life experiences something out of the ordinary.,no,yes,
Steamboat Willie,"Animation, Short, Comedy",8 min,1928,"Ub Iwerks, Walt Disney",7.5,"10,148",100%,"Charlotte Jamquie, Walt Disney",tt0019422,movie,TV-Y7,1-Jan-29,"Walt Disney, Ub Iwerks",United States,1 win,Mickey Mouse is a mischievous deckhand on a riverboat that is under the command of the tyrannical Captain Pete.,no,yes,
Fantasia,"Animation, Family, Fantasy",124 min,1940,"James Algar, Samuel Armstrong, Ford Beebe Jr.",7.7,"100,578",95%,"Leopold Stokowski, Deems Taylor, The Philadelphia Orchestra",tt0032455,movie,G,19-Sep-41,"Joe Grant, Dick Huemer, Lee Blair",United States,8 wins & 1 nomination,"A collection of animated interpretations of great works of Western classical music, ranging from the abstract to depictions of mythology and fantasy, and settings including the prehistoric, supernatural and sacred.",no,yes,
The Secret World of Arrietty,"Animation, Adventure, Drama",94 min,2010,Hiromasa Yonebayashi,7.6,"98,341",94%,"Bridgit Mendler, Amy Poehler, Will Arnett",tt1568921,movie,G,17-Feb-12,"Mary Norton, Hayao Miyazaki, Keiko Niwa",Japan,12 wins & 6 nominations,"The Clock family are four-inch-tall people who live anonymously in another family's residence, borrowing simple items to make their home. Life changes for the Clocks when their teenage daughter Arrietty is discovered.",no,yes,
The Simpsons Movie,"Animation, Adventure, Comedy",87 min,2007,David Silverman,7.3,"340,974",87%,"Dan Castellaneta, Julie Kavner, Nancy Cartwright",tt0462538,movie,PG-13,27-Jul-07,"James L. Brooks, Matt Groening, Al Jean","United States, South Korea, Germany, North Korea",Won 1 BAFTA Award5 wins & 34 nominations total,"After Homer pollutes the town's water supply, Springfield is encased in a gigantic dome by the EPA and the Simpsons are declared fugitives.",no,yes,
Dumbo,"Animation, Adventure, Drama",64 min,1941,"Samuel Armstrong, Norman Ferguson, Wilfred Jackson",7.2,"137,766",98%,"Sterling Holloway, Edward Brophy, Herman Bing",tt0033563,movie,G,31-Oct-41,"Joe Grant, Dick Huemer, Otto Englander",United States,Won 1 Oscar. 5 wins & 1 nomination total,"Ridiculed because of his enormous ears, a young circus elephant is assisted by a mouse to achieve his full potential.",no,yes,
Peter Pan,"Animation, Adventure, Family",77 min,1953,"Clyde Geronimi, Wilfred Jackson, Hamilton Luske",7.3,"147,808",77%,"Bobby Driscoll, Kathryn Beaumont, Hans Conried",tt0046183,movie,G,5-Feb-53,"J.M. Barrie, Ted Sears, Erdman Penner",United States,2 nominations,"Wendy and her brothers are whisked away to the magical world of Neverland with the hero of their stories, Peter Pan.",no,yes,
The Animatrix,"Animation, Action, Sci-Fi",100 min,2003,"Peter Chung, Andrew R. Jones, Yoshiaki Kawajiri, Takeshi Koike, Mahiro Maeda, Kôji Morimoto, Shin'ichirô Watanabe",7.3,"80,478",89%,"James Arnold Taylor, Julia Fletcher, Dwight Schultz",tt0328832,series,Unrated,21-Mar-03,"Lilly Wachowski (screenplay ""The Matrix""), Lana Wachowski (screenplay ""The Matrix""), Lilly Wachowski, Lana Wachowski, Yoshiaki Kawajiri, Kôji Morimoto, Shin'ichirô Watanabe, Peter Chung","United States, Japan",2 wins & 4 nominations,A collection of nine short films featuring stories related to The Matrix (1999).,no,yes,
The Land Before Time,"Animation, Adventure, Drama",69 min,1988,Don Bluth,7.4,"94,617",65%,"Pat Hingle, Gabriel Damon, Helen Shaver",tt0095489,movie,G,18-Nov-88,"Stu Krieger, Judy Freudberg, Tony Geiss","United States, Ireland",2 nominations,An orphaned brontosaurus teams up with other young dinosaurs in order to reunite with their families in a valley.,no,yes,
The Dark Crystal,"Adventure, Family, Fantasy",93 min,1982,"Jim Henson, Frank Oz",7.1,"69,622",77%,"Jim Henson, Kathryn Mullen, Frank Oz",tt0083791,movie,PG,17-Dec-82,"David Odell, Jim Henson","United Kingdom, United States",Nominated for 1 BAFTA Award2 wins & 5 nominations total,"On another planet in the distant past, a Gelfling embarks on a quest to find the missing shard of a magical crystal, and to restore order to his world.",no,yes,
Lilo & Stitch,"Animation, Adventure, Comedy",85 min,2002,"Dean DeBlois, Chris Sanders",7.3,"202,643",87%,"Daveigh Chase, Chris Sanders, Tia Carrere",tt0275847,movie,PG,21-Jun-02,"Chris Sanders, Dean DeBlois","United States, Japan",Nominated for 1 Oscar. 11 wins & 28 nominations total,"A young and parentless girl adopts a 'dog' from the local pound, completely unaware that it's supposedly a dangerous scientific experiment that's taken refuge on Earth and is now hiding from its creator and those who see it as a m...",no,yes,
Anastasia,"Animation, Adventure, Drama",94 min,1997,"Don Bluth, Gary Goldman",7.1,"130,710",84%,"Meg Ryan, John Cusack, Christopher Lloyd",tt0118617,movie,G,21-Nov-97,"Susan Gauthier, Bruce Graham, Bob Tzudiker",United States,Nominated for 2 Oscars. 10 wins & 23 nominations total,"The last surviving child of the Russian Royal Family joins two con men to reunite with her grandmother, the Dowager Empress, while the undead Rasputin seeks her death.",no,yes,
The Prince of Egypt,"Animation, Adventure, Drama",99 min,1998,"Brenda Chapman, Steve Hickner, Simon Wells",7.2,"139,679",79%,"Val Kilmer, Ralph Fiennes, Michelle Pfeiffer",tt0120794,movie,PG,18-Dec-98,"Philip LaZebnik, Nicholas Meyer","United States, Canada",Won 1 Oscar. 12 wins & 27 nominations total,Egyptian Prince Moses learns of his identity as a Hebrew and his destiny to become the chosen deliverer of his people.,no,yes,
Wolfwalkers,"Animation, Action, Adventure",103 min,2020,"Tomm Moore, Ross Stewart",8,"36,021",99%,"Honor Kneafsey, Eva Whittaker, Sean Bean",tt5198068,movie,PG,13-Nov-20,"Will Collins, Tomm Moore, Ross Stewart","Ireland, Luxembourg, France",Nominated for 1 Oscar. 33 wins & 66 nominations total,A young apprentice hunter and her father journey to Ireland to help wipe out the last wolf pack. But everything changes when she befriends a free-spirited girl from a mysterious tribe rumored to transform into wolves by night.,no,yes,
The Hunchback of Notre Dame,"Animation, Drama, Family",91 min,1996,"Gary Trousdale, Kirk Wise",7,"165,554",71%,"Demi Moore, Jason Alexander, Mary Kay Bergman",tt0116583,movie,G,21-Jun-96,"Tab Murphy, Victor Hugo, Irene Mecchi","United States, Japan",Nominated for 1 Oscar. 8 wins & 26 nominations total,"A deformed bell-ringer must assert his independence from a vicious government minister in order to help his friend, a gypsy dancer.",no,yes,
Song of the Sea,"Animation, Adventure, Drama",93 min,2014,Tomm Moore,8,"61,313",99%,"David Rawle, Brendan Gleeson, Lisa Hannigan",tt1865505,movie,PG,20-Nov-15,"Will Collins, Tomm Moore","Ireland, Denmark, Belgium, France",Nominated for 1 Oscar. 11 wins & 26 nominations total,"Ben, a young Irish boy, and his little sister Saoirse, a girl who can turn into a seal, go on an adventure to free the fairies and save the spirit world.",no,yes,
It's Such a Beautiful Day,"Animation, Comedy, Drama",62 min,2012,Don Hertzfeldt,8.2,"15,063",100%,N/A,tt2396224,movie,Not Rated,21-May-16,N/A,United States,2 nominations,"Bill struggles to put together his shattered psyche, in this new feature film version of Don Hertzfeldt's animated short film trilogy.",no,yes,
Watership Down,"Animation, Adventure, Drama",91 min,1978,"Martin Rosen, John Hubley",7.6,"38,239",79%,"John Hurt, Richard Briers, Ralph Richardson",tt0078480,movie,PG,1-Nov-78,"Richard Adams, John Hubley, Martin Rosen",United Kingdom,1 win & 4 nominations,"Hoping to escape destruction by human developers and save their community, a colony of rabbits, led by Hazel and Fiver, seek out a safe place to set up a new warren.",no,yes,
Consuming Spirits,"Animation, Comedy, Drama",136 min,2012,Chris Sullivan,7.6,279,89%,"Nancy Andrews, Chris Sullivan, Judith Rafael",tt2253947,movie,Not Rated,12-Dec-12,Chris Sullivan,United States,2 wins & 1 nomination,"Consuming Spirits is an independent feature animation chronicling the lives of three characters who live in a rust belt town called Magguson, and work at its local newspaper The Daily Suggester. They are: Gentian Violet 42, Victor...",no,yes,
When the Wind Blows,"Animation, Drama, War",84 min,1986,Jimmy T. Murakami,7.7,"11,871",88%,"Peggy Ashcroft, John Mills, Robin Houston",tt0090315,movie,Not Rated,11-Mar-88,Raymond Briggs,United Kingdom,1 nomination,A naive elderly British rural couple survive the initial onslaught of a nuclear war.,no,yes,
Allegro non troppo,"Animation, Comedy, Fantasy",75 min,1976,Bruno Bozzetto,7.4,"3,122",90%,"Maurizio Nichetti, Maurizio Micheli, Marialuisa Giovannini",tt0074121,movie,PG,27-Jul-77,"Bruno Bozzetto, Guido Manuli, Maurizio Nichetti",Italy,2 wins & 1 nomination,"An enthusiastic filmmaker thinks he's come up with a totally original idea: animation set to classical music! When he is informed that some American named ""Prisney"" (or something) has already done it, he decides to do his own vers...",no,yes,
Neon Genesis Evangelion: The End of Evangelion,"Animation, Action, Drama",87 min,1997,"Hideaki Anno, Kazuya Tsurumaki",8.1,"59,368",90%,"Megumi Ogata, Megumi Hayashibara, Yûko Miyamura",tt0169858,movie,TV-MA,1-Jun-02,Hideaki Anno,Japan,2 wins,Concurrent theatrical ending of the TV series Neon Genesis Evangelion (1995).,no,yes,
Ghost in the Shell 2: Innocence,"Animation, Drama, Mystery",100 min,2004,Mamoru Oshii,7.4,"39,574",65%,"Akio Ôtsuka, Atsuko Tanaka, Tamio Ôki",tt0347246,movie,PG-13,24-Sep-04,"Shirow Masamune, Mamoru Oshii, Richard Epcar",Japan,6 wins & 8 nominations,"In the year 2032, Batô, a cyborg detective for the anti-terrorist unit Public Security Section 9, investigates the case of a female robot--one created solely for sexual pleasure--who slaughtered her owner.",no,yes,
Flee,"Documentary, Animation, Biography",89 min,2021,Jonas Poher Rasmussen,7.9,"18,514",98%,"Daniel Karimyar, Fardin Mijdzadeh, Milad Eskandari",tt8430054,movie,PG-13,17-Jun-21,"Jonas Poher Rasmussen, Amin Nawabi","Denmark, France, Norway, Sweden, Netherlands, United Kingdom, United States, Finland, Italy, Spain, Estonia, Slovenia",Nominated for 3 Oscars. 96 wins & 147 nominations total,"FLEE tells the extraordinary true story of a man, Amin, on the verge of marriage which compels him to reveal his hidden past for the first time.",no,yes,
Heavy Traffic,"Animation, Comedy, Drama",77 min,1973,Ralph Bakshi,6.5,"3,519",89%,"Joseph Kaufmann, Beverly Hope Atkinson, Frank DeKova",tt0070165,movie,X,17-Nov-73,Ralph Bakshi,United States,N/A,"An underground cartoonist contends with life in the inner city, where various unsavory characters serve as inspiration for his art.",no,yes,
Kirikou and the Sorceress,"Animation, Adventure, Family",71 min,1998,"Michel Ocelot, Raymond Burlet",7.5,"10,371",96%,"Doudou Gueye Thiaw, Maimouna N'Diaye, Awa Sene Sarr",tt0181627,movie,TV-PG,27-Oct-00,Michel Ocelot,"France, Belgium, Luxembourg",11 wins & 1 nomination,"Kirikou, an unusual little boy, must search the wisdom of the forbidden mountain in order to save his village from a spell cast by the evil sorceress Karaba",no,yes,
Alice in Wonderland,"Animation, Adventure, Comedy",75 min,1951,"Clyde Geronimi, Wilfred Jackson, Hamilton Luske",7.4,"148,915",84%,"Kathryn Beaumont, Ed Wynn, Richard Haydn",tt0043274,movie,G,28-Jul-51,"Lewis Carroll, Winston Hibler, Ted Sears",United States,Nominated for 1 Oscar. 2 nominations total,Alice stumbles into the world of Wonderland. Will she get home? Not if the Queen of Hearts has her way.,no,yes,
